-- phpMyAdmin SQL Dump
-- version 5.0.1
-- https://www.phpmyadmin.net/
--
-- Host: 127.0.0.1
-- Waktu pembuatan: 20 Feb 2021 pada 19.41
-- Versi server: 10.4.11-MariaDB
-- Versi PHP: 7.4.3

SET SQL_MODE = "NO_AUTO_VALUE_ON_ZERO";
SET AUTOCOMMIT = 0;
START TRANSACTION;
SET time_zone = "+00:00";


/*!40101 SET @OLD_CHARACTER_SET_CLIENT=@@CHARACTER_SET_CLIENT */;
/*!40101 SET @OLD_CHARACTER_SET_RESULTS=@@CHARACTER_SET_RESULTS */;
/*!40101 SET @OLD_COLLATION_CONNECTION=@@COLLATION_CONNECTION */;
/*!40101 SET NAMES utf8mb4 */;

--
-- Database: `db_padus`
--

-- --------------------------------------------------------

--
-- Struktur dari tabel `penempatan_mahasiswa`
--

CREATE TABLE `penempatan_mahasiswa` (
  `id_penempatan_mahasiswa` int(10) NOT NULL,
  `id_register` int(10) NOT NULL,
  `id_penempatan` int(10) NOT NULL
) ENGINE=InnoDB DEFAULT CHARSET=latin1;

--
-- Dumping data untuk tabel `penempatan_mahasiswa`
--

INSERT INTO `penempatan_mahasiswa` (`id_penempatan_mahasiswa`, `id_register`, `id_penempatan`) VALUES
(1, 1, 1),
(2, 4, 1),
(3, 6, 1),
(4, 9, 4),
(5, 24, 3),
(6, 72, 3);

-- --------------------------------------------------------

--
-- Struktur dari tabel `tbl_admin`
--

CREATE TABLE `tbl_admin` (
  `id_admin` int(10) NOT NULL,
  `nik` varchar(50) NOT NULL,
  `nama` varchar(100) NOT NULL,
  `password` varchar(200) NOT NULL,
  `telepon` varchar(15) DEFAULT NULL
) ENGINE=InnoDB DEFAULT CHARSET=latin1;

--
-- Dumping data untuk tabel `tbl_admin`
--

INSERT INTO `tbl_admin` (`id_admin`, `nik`, `nama`, `password`, `telepon`) VALUES
(1, '12345', 'Admin', '12345', '085789160020');

-- --------------------------------------------------------

--
-- Struktur dari tabel `tbl_detail_mahasiswa`
--

CREATE TABLE `tbl_detail_mahasiswa` (
  `id_detail_mahasiswa` int(10) NOT NULL,
  `id_register` int(10) NOT NULL,
  `hobby` varchar(200) NOT NULL,
  `prestasi` varchar(300) NOT NULL,
  `minat` varchar(200) NOT NULL,
  `gambar` varchar(200) DEFAULT NULL
) ENGINE=InnoDB DEFAULT CHARSET=latin1;

--
-- Dumping data untuk tabel `tbl_detail_mahasiswa`
--

INSERT INTO `tbl_detail_mahasiswa` (`id_detail_mahasiswa`, `id_register`, `hobby`, `prestasi`, `minat`, `gambar`) VALUES
(1, 1, 'NYANYI', 'NYANYI', 'NYANYI', '14312062WIXI_PRAYOGA1593282627.jpg'),
(2, 2, 'TARI', 'JUARA 1 LOMBA TARI', 'TARI', NULL),
(3, 3, 'NARI', 'JUARA 1 PEKSIMIDA', 'SENI DAN BUDAYA', NULL),
(4, 4, 'TRAVELLING', 'JUARA 1 PEKSIMIDA', 'SENI DAN BUDAYA', '15312610FATCHUR_ROHMAN1595644834.jpg'),
(5, 5, 'MENYANYI, MENARI', 'JUARA 1 PEKSIMIDA', 'BELAJAR DAN MENGASAH SUARA ', NULL),
(6, 6, 'NARI', 'JUARA 1 PEKSIMIDA', 'SENI DAN BUDAYA', '16311019Admin1595673507.jpg'),
(7, 6, 'MENYANYI', 'JUARA 1 GARAP MUSIK', 'SENI', '16311019Admin1595673507.jpg'),
(8, 10, 'NYANYI', 'BELUM ADA', 'INGIN MENCARI PENGALAMAN', '16311033ANITAVINA1597029859.jpg'),
(9, 9, 'MENGAJAR', 'SENI BUDAYA', 'PADUS', '18352001ADE_DWI_PUTRA1597203750.jpeg'),
(10, 12, 'MASAK', 'MENDAPATKAN MENDALI EMAS DAN PERAK EVENT BALI INTERNATIONAL CHOIR FESTIVAL', 'INGIN MENDAPATKAN PENGALAMAN DAN BERPRESTASI', NULL),
(11, 14, 'BSJNS', 'BDJDJD', 'BDHJD', NULL),
(12, 11, 'MENYANYI', 'BELUM ADA', 'MENYANYI', NULL),
(13, 24, 'MAIN GAME', 'JUARA 3 INDONESAI FREESTYLE SLALOM INLINESKATE', 'OLAHRAGA', NULL),
(14, 25, 'BERNYANYI ', 'COMPTECH LCT SE SUMBAGSEL', 'PADUAN SUARA', '19411295ADELLIA_GISKA_CANTIKA1597472800.jpg'),
(15, 23, 'MENYANYI,  MENARI', 'TIDAK ADA', 'MENARI', '19113015NIA_RAGILIA1597472823.jpg'),
(16, 28, 'NYANYI ', '-', 'SAYA INGIN MELATIH SUARA SAYA AGAR SEMAKIN ENAK DI DENGAR', NULL),
(17, 30, 'NYERVIS BARANG ELEKTRONIK', 'TIDAK ADA', 'BERMAIN GITAR', '19315052ANANDA_M_FATHURAHMAN1597486378.jpg'),
(18, 34, 'BERNYANYI', 'TINGKAT KOTA', 'PADUAN SUARA', NULL),
(19, 36, 'NYANYI POP SOLO', 'JUARA 2 ', 'PADUAN SUARA', '18114075ELIS_MEIDINA_AZARIA1597503044.jpg'),
(20, 38, 'OLAHRAGA', 'JUARA 1 POMDA 2019', 'INGIN MENAMBAH PENGALAMAN', NULL),
(21, 40, 'MENULIS DAN OLAHRAGA', 'TIDAK ADA', 'INGIN MENAMBAH WAWASAN DAN MELATIH SUARA', NULL),
(22, 42, 'MENYANYI DAN BERMAIN MUSIK', 'TIDAK ADA', 'INGIN MELATIH VOKAL SUARA', NULL),
(23, 44, 'BERMAIN MUSIK', 'TIDAK ADA', 'PADUS', NULL),
(24, 45, 'MENYANYI', 'TIDAK ADA', 'PADUS', '19113009MARIA_NIKEN_P1597508393.jpg'),
(25, 46, 'OLAHRAGA', 'JUARA 1  DBL COLLEGE EXHIBITION', 'MENAMBAH PENGALAMAN SELAIN OLAHRAGA', NULL),
(26, 35, 'MENYANYI', 'TIDAK ADA', 'PADUAN SUARA', NULL),
(27, 17, 'NONTON DAN BERMAIN GAME', '-', 'MINAT TERHADAP PELAJARAN DAN OLAHRAGA', NULL),
(28, 29, 'BERENANG', '.', '.', '19113054HIBATULLAH_RIZKI_RAMADHAN1597547473.JPG'),
(29, 61, 'MENYANYI ', 'BELUM', 'MENYANYI', NULL),
(30, 62, 'MENYANYI DAN TARI', '-', 'MENARI', NULL),
(31, 71, 'NYANYI', 'BELUM ADA', 'PADUAN SUARA', NULL),
(32, 72, 'MENYANYI', 'JUARA 1 PEKSIMIDA', 'PADUAN SUARA', '16311019NEVIS_NAINDA1599107773.jpg');

-- --------------------------------------------------------

--
-- Struktur dari tabel `tbl_fakultas`
--

CREATE TABLE `tbl_fakultas` (
  `id_fakultas` int(10) NOT NULL,
  `fakultas` varchar(100) NOT NULL
) ENGINE=InnoDB DEFAULT CHARSET=latin1;

--
-- Dumping data untuk tabel `tbl_fakultas`
--

INSERT INTO `tbl_fakultas` (`id_fakultas`, `fakultas`) VALUES
(1, 'FTIK'),
(2, 'FSIP'),
(3, 'FEB');

-- --------------------------------------------------------

--
-- Struktur dari tabel `tbl_jawaban`
--

CREATE TABLE `tbl_jawaban` (
  `id_jawaban` int(10) NOT NULL,
  `id_register` int(10) DEFAULT NULL,
  `id_soal` int(10) DEFAULT NULL,
  `kode` varchar(100) DEFAULT NULL,
  `no` varchar(10) DEFAULT NULL,
  `jawaban` varchar(50) DEFAULT NULL
) ENGINE=InnoDB DEFAULT CHARSET=latin1;

--
-- Dumping data untuk tabel `tbl_jawaban`
--

INSERT INTO `tbl_jawaban` (`id_jawaban`, `id_register`, `id_soal`, `kode`, `no`, `jawaban`) VALUES
(1, 14, 1, '883867', '1', 'A'),
(2, 14, 1, '883867', '2', 'B'),
(3, 14, 1, '883867', '3', 'D'),
(4, 14, 1, '883867', '4', 'D'),
(5, 14, 1, '883867', '1', 'B'),
(6, 14, 1, '883867', '2', 'A'),
(7, 14, 1, '883867', '3', 'C'),
(8, 14, 1, '883867', '4', 'D'),
(9, 14, 1, '883867', '1', 'D'),
(10, 14, 1, '883867', '2', 'A'),
(11, 14, 1, '883867', '3', 'D'),
(12, 14, 1, '883867', '4', 'A'),
(13, 10, 1, '883867', '1', 'B'),
(14, 10, 1, '883867', '2', 'B'),
(15, 10, 1, '883867', '3', 'B'),
(16, 10, 1, '883867', '4', 'D'),
(17, 10, 1, '883867', '1', 'C'),
(18, 10, 1, '883867', '2', 'A'),
(19, 10, 1, '883867', '3', 'B'),
(20, 10, 1, '883867', '4', 'A'),
(21, 10, 1, '883867', '1', 'A'),
(22, 10, 1, '883867', '2', 'B'),
(23, 10, 1, '883867', '3', 'C'),
(24, 10, 1, '883867', '4', 'A'),
(25, 9, 5, '893818', '1', 'B'),
(26, 9, 5, '893818', '2', 'B'),
(27, 9, 5, '893818', '3', 'D'),
(28, 9, 5, '893818', '4', 'C'),
(29, 9, 5, '893818', '5', 'D'),
(30, 9, 5, '893818', '6', 'C'),
(31, 9, 5, '893818', '7', 'D'),
(32, 9, 5, '893818', '8', 'D'),
(33, 9, 5, '893818', '9', 'C'),
(34, 9, 5, '893818', '10', 'C'),
(35, 9, 5, '893818', '11', 'A'),
(36, 9, 5, '893818', '12', 'B'),
(37, 9, 5, '893818', '13', 'A'),
(38, 9, 5, '893818', '14', 'B'),
(39, 9, 5, '893818', '15', 'D'),
(40, 9, 5, '893818', '16', 'C'),
(41, 9, 5, '893818', '17', 'D'),
(42, 9, 5, '893818', '18', 'C'),
(43, 9, 5, '893818', '19', 'D'),
(44, 9, 5, '893818', '20', 'A'),
(45, 11, 5, '893818', '1', 'B'),
(46, 11, 5, '893818', '2', 'B'),
(47, 11, 5, '893818', '3', 'B'),
(48, 11, 5, '893818', '4', 'A'),
(49, 11, 5, '893818', '5', 'D'),
(50, 11, 5, '893818', '6', 'C'),
(51, 11, 5, '893818', '7', 'B'),
(52, 11, 5, '893818', '8', 'B'),
(53, 11, 5, '893818', '9', 'A'),
(54, 11, 5, '893818', '10', 'C'),
(55, 11, 5, '893818', '11', 'A'),
(56, 11, 5, '893818', '12', 'D'),
(57, 11, 5, '893818', '13', 'A'),
(58, 11, 5, '893818', '14', 'B'),
(59, 11, 5, '893818', '15', 'D'),
(60, 11, 5, '893818', '16', 'A'),
(61, 11, 5, '893818', '17', 'C'),
(62, 11, 5, '893818', '18', 'C'),
(63, 11, 5, '893818', '19', 'A'),
(64, 11, 5, '893818', '20', 'A'),
(65, 24, 5, '893818', '1', 'B'),
(66, 24, 5, '893818', '2', 'A'),
(67, 24, 5, '893818', '3', 'D'),
(68, 24, 5, '893818', '4', 'A'),
(69, 24, 5, '893818', '5', 'D'),
(70, 24, 5, '893818', '6', 'C'),
(71, 24, 5, '893818', '7', 'B'),
(72, 24, 5, '893818', '8', 'D'),
(73, 24, 5, '893818', '9', 'C'),
(74, 24, 5, '893818', '10', 'C'),
(75, 24, 5, '893818', '11', 'A'),
(76, 24, 5, '893818', '12', 'B'),
(77, 24, 5, '893818', '13', 'A'),
(78, 24, 5, '893818', '14', 'B'),
(79, 24, 5, '893818', '15', 'D'),
(80, 24, 5, '893818', '16', 'C'),
(81, 24, 5, '893818', '17', 'C'),
(82, 24, 5, '893818', '18', 'A'),
(83, 24, 5, '893818', '19', 'D'),
(84, 24, 5, '893818', '20', 'A'),
(85, 24, 5, '893818', '1', 'B'),
(86, 24, 5, '893818', '2', 'A'),
(87, 24, 5, '893818', '3', 'D'),
(88, 24, 5, '893818', '4', 'A'),
(89, 24, 5, '893818', '5', 'D'),
(90, 24, 5, '893818', '6', 'C'),
(91, 24, 5, '893818', '7', 'B'),
(92, 24, 5, '893818', '8', 'D'),
(93, 24, 5, '893818', '9', 'C'),
(94, 24, 5, '893818', '10', 'C'),
(95, 24, 5, '893818', '11', 'A'),
(96, 24, 5, '893818', '12', 'B'),
(97, 24, 5, '893818', '13', 'A'),
(98, 24, 5, '893818', '14', 'B'),
(99, 24, 5, '893818', '15', 'D'),
(100, 24, 5, '893818', '16', 'C'),
(101, 24, 5, '893818', '17', 'D'),
(102, 24, 5, '893818', '18', 'D'),
(103, 24, 5, '893818', '19', 'D'),
(104, 24, 5, '893818', '20', 'A'),
(105, 23, 5, '893818', '1', 'B'),
(106, 23, 5, '893818', '2', 'B'),
(107, 23, 5, '893818', '3', 'D'),
(108, 23, 5, '893818', '4', 'C'),
(109, 23, 5, '893818', '5', 'D'),
(110, 23, 5, '893818', '6', 'C'),
(111, 23, 5, '893818', '7', 'B'),
(112, 23, 5, '893818', '8', 'D'),
(113, 23, 5, '893818', '9', 'C'),
(114, 23, 5, '893818', '10', 'C'),
(115, 23, 5, '893818', '11', 'A'),
(116, 23, 5, '893818', '12', 'B'),
(117, 23, 5, '893818', '13', 'A'),
(118, 23, 5, '893818', '14', 'B'),
(119, 23, 5, '893818', '15', 'D'),
(120, 23, 5, '893818', '16', 'C'),
(121, 23, 5, '893818', '17', 'D'),
(122, 23, 5, '893818', '18', 'C'),
(123, 23, 5, '893818', '19', 'D'),
(124, 23, 5, '893818', '20', 'A'),
(125, 25, 5, '893818', '1', 'B'),
(126, 25, 5, '893818', '2', 'C'),
(127, 25, 5, '893818', '3', 'D'),
(128, 25, 5, '893818', '4', 'D'),
(129, 25, 5, '893818', '5', 'D'),
(130, 25, 5, '893818', '6', 'C'),
(131, 25, 5, '893818', '7', 'A'),
(132, 25, 5, '893818', '8', 'D'),
(133, 25, 5, '893818', '9', 'C'),
(134, 25, 5, '893818', '10', 'C'),
(135, 25, 5, '893818', '11', 'A'),
(136, 25, 5, '893818', '12', 'B'),
(137, 25, 5, '893818', '13', 'A'),
(138, 25, 5, '893818', '14', 'B'),
(139, 25, 5, '893818', '15', 'D'),
(140, 25, 5, '893818', '16', 'C'),
(141, 25, 5, '893818', '17', 'D'),
(142, 25, 5, '893818', '18', 'A'),
(143, 25, 5, '893818', '19', 'D'),
(144, 25, 5, '893818', '20', 'A'),
(145, 25, 5, '893818', '1', 'B'),
(146, 25, 5, '893818', '2', 'C'),
(147, 25, 5, '893818', '3', 'D'),
(148, 25, 5, '893818', '4', 'D'),
(149, 25, 5, '893818', '5', 'D'),
(150, 25, 5, '893818', '6', 'C'),
(151, 25, 5, '893818', '7', 'A'),
(152, 25, 5, '893818', '8', 'D'),
(153, 25, 5, '893818', '9', 'C'),
(154, 25, 5, '893818', '10', 'C'),
(155, 25, 5, '893818', '11', 'A'),
(156, 25, 5, '893818', '12', 'B'),
(157, 25, 5, '893818', '13', 'A'),
(158, 25, 5, '893818', '14', 'B'),
(159, 25, 5, '893818', '15', 'D'),
(160, 25, 5, '893818', '16', 'C'),
(161, 25, 5, '893818', '17', 'D'),
(162, 25, 5, '893818', '18', 'A'),
(163, 25, 5, '893818', '19', 'D'),
(164, 25, 5, '893818', '20', 'A'),
(165, 28, 5, '893818', '1', 'B'),
(166, 28, 5, '893818', '2', 'B'),
(167, 28, 5, '893818', '3', 'D'),
(168, 28, 5, '893818', '4', 'A'),
(169, 28, 5, '893818', '5', 'D'),
(170, 28, 5, '893818', '6', 'C'),
(171, 28, 5, '893818', '7', 'B'),
(172, 28, 5, '893818', '8', 'B'),
(173, 28, 5, '893818', '9', 'C'),
(174, 28, 5, '893818', '10', 'C'),
(175, 28, 5, '893818', '11', 'A'),
(176, 28, 5, '893818', '12', 'B'),
(177, 28, 5, '893818', '13', 'D'),
(178, 28, 5, '893818', '14', 'B'),
(179, 28, 5, '893818', '15', 'D'),
(180, 28, 5, '893818', '16', 'C'),
(181, 28, 5, '893818', '17', 'D'),
(182, 28, 5, '893818', '18', 'D'),
(183, 28, 5, '893818', '19', 'D'),
(184, 28, 5, '893818', '20', 'A'),
(185, 30, 5, '893818', '1', 'A'),
(186, 30, 5, '893818', '2', 'A'),
(187, 30, 5, '893818', '3', 'C'),
(188, 30, 5, '893818', '4', 'A'),
(189, 30, 5, '893818', '5', 'B'),
(190, 30, 5, '893818', '6', 'C'),
(191, 30, 5, '893818', '7', 'C'),
(192, 30, 5, '893818', '8', 'C'),
(193, 30, 5, '893818', '9', 'C'),
(194, 30, 5, '893818', '10', 'B'),
(195, 30, 5, '893818', '11', 'B'),
(196, 30, 5, '893818', '12', 'B'),
(197, 30, 5, '893818', '13', 'C'),
(198, 30, 5, '893818', '14', 'D'),
(199, 30, 5, '893818', '15', 'B'),
(200, 30, 5, '893818', '16', 'B'),
(201, 30, 5, '893818', '17', 'A'),
(202, 30, 5, '893818', '18', 'A'),
(203, 30, 5, '893818', '19', 'C'),
(204, 30, 5, '893818', '20', 'D'),
(205, 13, 5, '893818', '1', 'B'),
(206, 13, 5, '893818', '2', 'B'),
(207, 13, 5, '893818', '3', 'B'),
(208, 13, 5, '893818', '4', 'C'),
(209, 13, 5, '893818', '5', 'D'),
(210, 13, 5, '893818', '6', 'C'),
(211, 13, 5, '893818', '7', 'B'),
(212, 13, 5, '893818', '8', 'D'),
(213, 13, 5, '893818', '9', 'C'),
(214, 13, 5, '893818', '10', 'C'),
(215, 13, 5, '893818', '11', 'A'),
(216, 13, 5, '893818', '12', 'B'),
(217, 13, 5, '893818', '13', 'A'),
(218, 13, 5, '893818', '14', 'B'),
(219, 13, 5, '893818', '15', 'D'),
(220, 13, 5, '893818', '16', 'C'),
(221, 13, 5, '893818', '17', 'D'),
(222, 13, 5, '893818', '18', 'A'),
(223, 13, 5, '893818', '19', 'B'),
(224, 13, 5, '893818', '20', 'A'),
(225, 34, 5, '893818', '1', 'B'),
(226, 34, 5, '893818', '2', 'B'),
(227, 34, 5, '893818', '3', 'D'),
(228, 34, 5, '893818', '4', 'C'),
(229, 34, 5, '893818', '5', 'D'),
(230, 34, 5, '893818', '6', 'C'),
(231, 34, 5, '893818', '7', 'B'),
(232, 34, 5, '893818', '8', 'D'),
(233, 34, 5, '893818', '9', 'C'),
(234, 34, 5, '893818', '10', 'C'),
(235, 34, 5, '893818', '11', 'A'),
(236, 34, 5, '893818', '12', 'B'),
(237, 34, 5, '893818', '13', 'A'),
(238, 34, 5, '893818', '14', 'D'),
(239, 34, 5, '893818', '15', 'D'),
(240, 34, 5, '893818', '16', 'C'),
(241, 34, 5, '893818', '17', 'D'),
(242, 34, 5, '893818', '18', 'A'),
(243, 34, 5, '893818', '19', 'B'),
(244, 34, 5, '893818', '20', 'A'),
(245, 36, 5, '893818', '1', 'B'),
(246, 36, 5, '893818', '2', 'B'),
(247, 36, 5, '893818', '3', 'D'),
(248, 36, 5, '893818', '4', 'C'),
(249, 36, 5, '893818', '5', 'D'),
(250, 36, 5, '893818', '6', 'C'),
(251, 36, 5, '893818', '7', 'B'),
(252, 36, 5, '893818', '8', 'D'),
(253, 36, 5, '893818', '9', 'C'),
(254, 36, 5, '893818', '10', 'C'),
(255, 36, 5, '893818', '11', 'A'),
(256, 36, 5, '893818', '12', 'B'),
(257, 36, 5, '893818', '13', 'A'),
(258, 36, 5, '893818', '14', 'D'),
(259, 36, 5, '893818', '15', 'D'),
(260, 36, 5, '893818', '16', 'C'),
(261, 36, 5, '893818', '17', 'D'),
(262, 36, 5, '893818', '18', 'A'),
(263, 36, 5, '893818', '19', 'B'),
(264, 36, 5, '893818', '20', 'A'),
(265, 38, 5, '893818', '1', 'B'),
(266, 38, 5, '893818', '2', 'B'),
(267, 38, 5, '893818', '3', 'D'),
(268, 38, 5, '893818', '4', 'C'),
(269, 38, 5, '893818', '5', 'D'),
(270, 38, 5, '893818', '6', 'C'),
(271, 38, 5, '893818', '7', 'B'),
(272, 38, 5, '893818', '8', 'D'),
(273, 38, 5, '893818', '9', 'C'),
(274, 38, 5, '893818', '10', 'C'),
(275, 38, 5, '893818', '11', 'A'),
(276, 38, 5, '893818', '12', 'D'),
(277, 38, 5, '893818', '13', 'A'),
(278, 38, 5, '893818', '14', 'C'),
(279, 38, 5, '893818', '15', 'D'),
(280, 38, 5, '893818', '16', 'C'),
(281, 38, 5, '893818', '17', 'D'),
(282, 38, 5, '893818', '18', 'A'),
(283, 38, 5, '893818', '19', 'B'),
(284, 38, 5, '893818', '20', 'A'),
(285, 39, 5, '893818', '1', 'B'),
(286, 39, 5, '893818', '2', 'B'),
(287, 39, 5, '893818', '3', 'A'),
(288, 39, 5, '893818', '4', 'D'),
(289, 39, 5, '893818', '5', 'D'),
(290, 39, 5, '893818', '6', 'C'),
(291, 39, 5, '893818', '7', 'B'),
(292, 39, 5, '893818', '8', 'D'),
(293, 39, 5, '893818', '9', 'C'),
(294, 39, 5, '893818', '10', 'C'),
(295, 39, 5, '893818', '11', 'A'),
(296, 39, 5, '893818', '12', 'B'),
(297, 39, 5, '893818', '13', 'A'),
(298, 39, 5, '893818', '14', 'D'),
(299, 39, 5, '893818', '15', 'D'),
(300, 39, 5, '893818', '16', 'C'),
(301, 39, 5, '893818', '17', 'D'),
(302, 39, 5, '893818', '18', 'A'),
(303, 39, 5, '893818', '19', 'B'),
(304, 39, 5, '893818', '20', 'B'),
(305, 40, 5, '893818', '1', 'B'),
(306, 40, 5, '893818', '2', 'B'),
(307, 40, 5, '893818', '3', 'D'),
(308, 40, 5, '893818', '4', 'C'),
(309, 40, 5, '893818', '5', 'D'),
(310, 40, 5, '893818', '6', 'C'),
(311, 40, 5, '893818', '7', 'B'),
(312, 40, 5, '893818', '8', 'D'),
(313, 40, 5, '893818', '9', 'C'),
(314, 40, 5, '893818', '10', 'C'),
(315, 40, 5, '893818', '11', 'A'),
(316, 40, 5, '893818', '12', 'D'),
(317, 40, 5, '893818', '13', 'A'),
(318, 40, 5, '893818', '14', 'B'),
(319, 40, 5, '893818', '15', 'D'),
(320, 40, 5, '893818', '16', 'D'),
(321, 40, 5, '893818', '17', 'C'),
(322, 40, 5, '893818', '18', 'D'),
(323, 40, 5, '893818', '19', 'D'),
(324, 40, 5, '893818', '20', 'A'),
(325, 41, 5, '893818', '1', 'B'),
(326, 41, 5, '893818', '2', 'B'),
(327, 41, 5, '893818', '3', 'D'),
(328, 41, 5, '893818', '4', 'C'),
(329, 41, 5, '893818', '5', 'D'),
(330, 41, 5, '893818', '6', 'C'),
(331, 41, 5, '893818', '7', 'B'),
(332, 41, 5, '893818', '8', 'D'),
(333, 41, 5, '893818', '9', 'C'),
(334, 41, 5, '893818', '10', 'C'),
(335, 41, 5, '893818', '11', 'A'),
(336, 41, 5, '893818', '12', 'B'),
(337, 41, 5, '893818', '13', 'A'),
(338, 41, 5, '893818', '14', 'D'),
(339, 41, 5, '893818', '15', 'D'),
(340, 41, 5, '893818', '16', 'C'),
(341, 41, 5, '893818', '17', 'D'),
(342, 41, 5, '893818', '18', 'A'),
(343, 41, 5, '893818', '19', 'B'),
(344, 41, 5, '893818', '20', 'A'),
(345, 42, 5, '893818', '1', 'B'),
(346, 42, 5, '893818', '2', 'B'),
(347, 42, 5, '893818', '3', 'D'),
(348, 42, 5, '893818', '4', 'C'),
(349, 42, 5, '893818', '5', 'D'),
(350, 42, 5, '893818', '6', 'C'),
(351, 42, 5, '893818', '7', 'B'),
(352, 42, 5, '893818', '8', 'D'),
(353, 42, 5, '893818', '9', 'C'),
(354, 42, 5, '893818', '10', 'C'),
(355, 42, 5, '893818', '11', 'A'),
(356, 42, 5, '893818', '12', 'D'),
(357, 42, 5, '893818', '13', 'A'),
(358, 42, 5, '893818', '14', 'D'),
(359, 42, 5, '893818', '15', 'D'),
(360, 42, 5, '893818', '16', 'D'),
(361, 42, 5, '893818', '17', 'D'),
(362, 42, 5, '893818', '18', 'A'),
(363, 42, 5, '893818', '19', 'A'),
(364, 42, 5, '893818', '20', 'A'),
(365, 43, 5, '893818', '1', 'B'),
(366, 43, 5, '893818', '2', 'B'),
(367, 43, 5, '893818', '3', 'D'),
(368, 43, 5, '893818', '4', 'C'),
(369, 43, 5, '893818', '5', 'D'),
(370, 43, 5, '893818', '6', 'C'),
(371, 43, 5, '893818', '7', 'B'),
(372, 43, 5, '893818', '8', 'D'),
(373, 43, 5, '893818', '9', 'C'),
(374, 43, 5, '893818', '10', 'C'),
(375, 43, 5, '893818', '11', 'A'),
(376, 43, 5, '893818', '12', 'B'),
(377, 43, 5, '893818', '13', 'A'),
(378, 43, 5, '893818', '14', 'D'),
(379, 43, 5, '893818', '15', 'D'),
(380, 43, 5, '893818', '16', 'C'),
(381, 43, 5, '893818', '17', 'D'),
(382, 43, 5, '893818', '18', 'A'),
(383, 43, 5, '893818', '19', 'B'),
(384, 43, 5, '893818', '20', 'A'),
(385, 44, 5, '893818', '1', 'B'),
(386, 44, 5, '893818', '2', 'B'),
(387, 44, 5, '893818', '3', 'D'),
(388, 44, 5, '893818', '4', 'C'),
(389, 44, 5, '893818', '5', 'D'),
(390, 44, 5, '893818', '6', 'C'),
(391, 44, 5, '893818', '7', 'B'),
(392, 44, 5, '893818', '8', 'D'),
(393, 44, 5, '893818', '9', 'C'),
(394, 44, 5, '893818', '10', 'C'),
(395, 44, 5, '893818', '11', 'A'),
(396, 44, 5, '893818', '12', 'B'),
(397, 44, 5, '893818', '13', 'A'),
(398, 44, 5, '893818', '14', 'D'),
(399, 44, 5, '893818', '15', 'D'),
(400, 44, 5, '893818', '16', 'B'),
(401, 44, 5, '893818', '17', 'D'),
(402, 44, 5, '893818', '18', 'D'),
(403, 44, 5, '893818', '19', 'D'),
(404, 44, 5, '893818', '20', 'A'),
(405, 46, 5, '893818', '1', 'B'),
(406, 46, 5, '893818', '2', 'B'),
(407, 46, 5, '893818', '3', 'D'),
(408, 46, 5, '893818', '4', 'C'),
(409, 46, 5, '893818', '5', 'D'),
(410, 46, 5, '893818', '6', 'C'),
(411, 46, 5, '893818', '7', 'B'),
(412, 46, 5, '893818', '8', 'D'),
(413, 46, 5, '893818', '9', 'C'),
(414, 46, 5, '893818', '10', 'C'),
(415, 46, 5, '893818', '11', 'A'),
(416, 46, 5, '893818', '12', 'B'),
(417, 46, 5, '893818', '13', 'A'),
(418, 46, 5, '893818', '14', 'D'),
(419, 46, 5, '893818', '15', 'D'),
(420, 46, 5, '893818', '16', 'C'),
(421, 46, 5, '893818', '17', 'D'),
(422, 46, 5, '893818', '18', 'A'),
(423, 46, 5, '893818', '19', 'B'),
(424, 46, 5, '893818', '20', 'B'),
(425, 45, 5, '893818', '1', 'B'),
(426, 45, 5, '893818', '2', 'C'),
(427, 45, 5, '893818', '3', 'D'),
(428, 45, 5, '893818', '4', 'C'),
(429, 45, 5, '893818', '5', 'D'),
(430, 45, 5, '893818', '6', 'C'),
(431, 45, 5, '893818', '7', 'B'),
(432, 45, 5, '893818', '8', 'D'),
(433, 45, 5, '893818', '9', 'C'),
(434, 45, 5, '893818', '10', 'B'),
(435, 45, 5, '893818', '11', 'A'),
(436, 45, 5, '893818', '12', 'D'),
(437, 45, 5, '893818', '13', 'A'),
(438, 45, 5, '893818', '14', 'B'),
(439, 45, 5, '893818', '15', 'D'),
(440, 45, 5, '893818', '16', 'A'),
(441, 45, 5, '893818', '17', 'D'),
(442, 45, 5, '893818', '18', 'C'),
(443, 45, 5, '893818', '19', 'D'),
(444, 45, 5, '893818', '20', 'A'),
(445, 47, 5, '893818', '1', 'B'),
(446, 47, 5, '893818', '2', 'B'),
(447, 47, 5, '893818', '3', 'D'),
(448, 47, 5, '893818', '4', 'A'),
(449, 47, 5, '893818', '5', 'C'),
(450, 47, 5, '893818', '6', 'A'),
(451, 47, 5, '893818', '7', 'B'),
(452, 47, 5, '893818', '8', 'D'),
(453, 47, 5, '893818', '9', 'D'),
(454, 47, 5, '893818', '10', 'C'),
(455, 47, 5, '893818', '11', 'B'),
(456, 47, 5, '893818', '12', 'B'),
(457, 47, 5, '893818', '13', 'A'),
(458, 47, 5, '893818', '14', 'D'),
(459, 47, 5, '893818', '15', 'D'),
(460, 47, 5, '893818', '16', 'B'),
(461, 47, 5, '893818', '17', 'A'),
(462, 47, 5, '893818', '18', 'D'),
(463, 47, 5, '893818', '19', 'D'),
(464, 47, 5, '893818', '20', 'A'),
(465, 48, 5, '893818', '1', 'B'),
(466, 48, 5, '893818', '2', 'B'),
(467, 48, 5, '893818', '3', 'D'),
(468, 48, 5, '893818', '4', 'C'),
(469, 48, 5, '893818', '5', 'D'),
(470, 48, 5, '893818', '6', 'C'),
(471, 48, 5, '893818', '7', 'B'),
(472, 48, 5, '893818', '8', 'D'),
(473, 48, 5, '893818', '9', 'C'),
(474, 48, 5, '893818', '10', 'C'),
(475, 48, 5, '893818', '11', 'A'),
(476, 48, 5, '893818', '12', 'B'),
(477, 48, 5, '893818', '13', 'A'),
(478, 48, 5, '893818', '14', 'D'),
(479, 48, 5, '893818', '15', 'D'),
(480, 48, 5, '893818', '16', 'C'),
(481, 48, 5, '893818', '17', 'D'),
(482, 48, 5, '893818', '18', 'A'),
(483, 48, 5, '893818', '19', 'B'),
(484, 48, 5, '893818', '20', 'A'),
(485, 35, 5, '893818', '1', 'B'),
(486, 35, 5, '893818', '2', 'B'),
(487, 35, 5, '893818', '3', 'D'),
(488, 35, 5, '893818', '4', 'C'),
(489, 35, 5, '893818', '5', 'D'),
(490, 35, 5, '893818', '6', 'C'),
(491, 35, 5, '893818', '7', 'B'),
(492, 35, 5, '893818', '8', 'D'),
(493, 35, 5, '893818', '9', 'C'),
(494, 35, 5, '893818', '10', 'C'),
(495, 35, 5, '893818', '11', 'A'),
(496, 35, 5, '893818', '12', 'B'),
(497, 35, 5, '893818', '13', 'A'),
(498, 35, 5, '893818', '14', 'D'),
(499, 35, 5, '893818', '15', 'D'),
(500, 35, 5, '893818', '16', 'C'),
(501, 35, 5, '893818', '17', 'D'),
(502, 35, 5, '893818', '18', 'A'),
(503, 35, 5, '893818', '19', 'B'),
(504, 35, 5, '893818', '20', 'A'),
(505, 35, 5, '893818', '1', 'B'),
(506, 35, 5, '893818', '2', 'B'),
(507, 35, 5, '893818', '3', 'D'),
(508, 35, 5, '893818', '4', 'C'),
(509, 35, 5, '893818', '5', 'D'),
(510, 35, 5, '893818', '6', 'C'),
(511, 35, 5, '893818', '7', 'B'),
(512, 35, 5, '893818', '8', 'D'),
(513, 35, 5, '893818', '9', 'C'),
(514, 35, 5, '893818', '10', 'C'),
(515, 35, 5, '893818', '11', 'A'),
(516, 35, 5, '893818', '12', 'B'),
(517, 35, 5, '893818', '13', 'A'),
(518, 35, 5, '893818', '14', 'D'),
(519, 35, 5, '893818', '15', 'D'),
(520, 35, 5, '893818', '16', 'C'),
(521, 35, 5, '893818', '17', 'D'),
(522, 35, 5, '893818', '18', 'A'),
(523, 35, 5, '893818', '19', 'B'),
(524, 35, 5, '893818', '20', 'A'),
(525, 49, 5, '893818', '1', 'B'),
(526, 49, 5, '893818', '2', 'B'),
(527, 49, 5, '893818', '3', 'A'),
(528, 49, 5, '893818', '4', 'B'),
(529, 49, 5, '893818', '5', 'D'),
(530, 49, 5, '893818', '6', 'B'),
(531, 49, 5, '893818', '7', 'B'),
(532, 49, 5, '893818', '8', 'D'),
(533, 49, 5, '893818', '9', 'B'),
(534, 49, 5, '893818', '10', 'C'),
(535, 49, 5, '893818', '11', 'D'),
(536, 49, 5, '893818', '12', 'B'),
(537, 49, 5, '893818', '13', 'A'),
(538, 49, 5, '893818', '14', 'B'),
(539, 49, 5, '893818', '15', 'D'),
(540, 49, 5, '893818', '16', 'C'),
(541, 49, 5, '893818', '17', 'C'),
(542, 49, 5, '893818', '18', 'A'),
(543, 49, 5, '893818', '19', 'B'),
(544, 49, 5, '893818', '20', 'A'),
(545, 50, 5, '893818', '1', 'B'),
(546, 50, 5, '893818', '2', 'B'),
(547, 50, 5, '893818', '3', 'C'),
(548, 50, 5, '893818', '4', 'A'),
(549, 50, 5, '893818', '5', 'D'),
(550, 50, 5, '893818', '6', 'B'),
(551, 50, 5, '893818', '7', 'B'),
(552, 50, 5, '893818', '8', 'D'),
(553, 50, 5, '893818', '9', 'A'),
(554, 50, 5, '893818', '10', 'A'),
(555, 50, 5, '893818', '11', 'D'),
(556, 50, 5, '893818', '12', 'B'),
(557, 50, 5, '893818', '13', 'C'),
(558, 50, 5, '893818', '14', 'B'),
(559, 50, 5, '893818', '15', 'D'),
(560, 50, 5, '893818', '16', 'C'),
(561, 50, 5, '893818', '17', 'A'),
(562, 50, 5, '893818', '18', 'A'),
(563, 50, 5, '893818', '19', 'B'),
(564, 50, 5, '893818', '20', 'A'),
(565, 52, 5, '893818', '1', 'B'),
(566, 52, 5, '893818', '2', 'B'),
(567, 52, 5, '893818', '3', 'A'),
(568, 52, 5, '893818', '4', 'B'),
(569, 52, 5, '893818', '5', 'D'),
(570, 52, 5, '893818', '6', 'A'),
(571, 52, 5, '893818', '7', 'B'),
(572, 52, 5, '893818', '8', 'D'),
(573, 52, 5, '893818', '9', 'A'),
(574, 52, 5, '893818', '10', 'A'),
(575, 52, 5, '893818', '11', 'C'),
(576, 52, 5, '893818', '12', 'D'),
(577, 52, 5, '893818', '13', 'A'),
(578, 52, 5, '893818', '14', 'C'),
(579, 52, 5, '893818', '15', 'D'),
(580, 52, 5, '893818', '16', 'D'),
(581, 52, 5, '893818', '17', 'D'),
(582, 52, 5, '893818', '18', 'A'),
(583, 52, 5, '893818', '19', 'B'),
(584, 52, 5, '893818', '20', 'A'),
(585, 53, 5, '893818', '1', 'B'),
(586, 53, 5, '893818', '2', 'B'),
(587, 53, 5, '893818', '3', 'A'),
(588, 53, 5, '893818', '4', 'C'),
(589, 53, 5, '893818', '5', 'D'),
(590, 53, 5, '893818', '6', 'D'),
(591, 53, 5, '893818', '7', 'B'),
(592, 53, 5, '893818', '8', 'D'),
(593, 53, 5, '893818', '9', 'A'),
(594, 53, 5, '893818', '10', 'A'),
(595, 53, 5, '893818', '11', 'C'),
(596, 53, 5, '893818', '12', 'B'),
(597, 53, 5, '893818', '13', 'A'),
(598, 53, 5, '893818', '14', 'B'),
(599, 53, 5, '893818', '15', 'D'),
(600, 53, 5, '893818', '16', 'C'),
(601, 53, 5, '893818', '17', 'A'),
(602, 53, 5, '893818', '18', 'A'),
(603, 53, 5, '893818', '19', 'B'),
(604, 53, 5, '893818', '20', 'A'),
(605, 54, 5, '893818', '1', 'B'),
(606, 54, 5, '893818', '2', 'B'),
(607, 54, 5, '893818', '3', 'D'),
(608, 54, 5, '893818', '4', 'C'),
(609, 54, 5, '893818', '5', 'D'),
(610, 54, 5, '893818', '6', 'C'),
(611, 54, 5, '893818', '7', 'B'),
(612, 54, 5, '893818', '8', 'D'),
(613, 54, 5, '893818', '9', 'C'),
(614, 54, 5, '893818', '10', 'C'),
(615, 54, 5, '893818', '11', 'A'),
(616, 54, 5, '893818', '12', 'B'),
(617, 54, 5, '893818', '13', 'A'),
(618, 54, 5, '893818', '14', 'D'),
(619, 54, 5, '893818', '15', 'D'),
(620, 54, 5, '893818', '16', 'C'),
(621, 54, 5, '893818', '17', 'D'),
(622, 54, 5, '893818', '18', 'A'),
(623, 54, 5, '893818', '19', 'B'),
(624, 54, 5, '893818', '20', 'A'),
(625, 55, 5, '893818', '1', 'A'),
(626, 55, 5, '893818', '2', 'A'),
(627, 55, 5, '893818', '3', 'D'),
(628, 55, 5, '893818', '4', 'C'),
(629, 55, 5, '893818', '5', 'D'),
(630, 55, 5, '893818', '6', 'C'),
(631, 55, 5, '893818', '7', 'B'),
(632, 55, 5, '893818', '8', 'D'),
(633, 55, 5, '893818', '9', 'C'),
(634, 55, 5, '893818', '10', 'C'),
(635, 55, 5, '893818', '11', 'A'),
(636, 55, 5, '893818', '12', 'B'),
(637, 55, 5, '893818', '13', 'A'),
(638, 55, 5, '893818', '14', 'D'),
(639, 55, 5, '893818', '15', 'D'),
(640, 55, 5, '893818', '16', 'C'),
(641, 55, 5, '893818', '17', 'D'),
(642, 55, 5, '893818', '18', 'A'),
(643, 55, 5, '893818', '19', 'B'),
(644, 55, 5, '893818', '20', 'A'),
(645, 56, 5, '893818', '1', 'B'),
(646, 56, 5, '893818', '2', 'B'),
(647, 56, 5, '893818', '3', 'D'),
(648, 56, 5, '893818', '4', 'B'),
(649, 56, 5, '893818', '5', 'C'),
(650, 56, 5, '893818', '6', 'A'),
(651, 56, 5, '893818', '7', 'B'),
(652, 56, 5, '893818', '8', 'D'),
(653, 56, 5, '893818', '9', 'A'),
(654, 56, 5, '893818', '10', 'A'),
(655, 56, 5, '893818', '11', 'A'),
(656, 56, 5, '893818', '12', 'B'),
(657, 56, 5, '893818', '13', 'A'),
(658, 56, 5, '893818', '14', 'D'),
(659, 56, 5, '893818', '15', 'D'),
(660, 56, 5, '893818', '16', 'C'),
(661, 56, 5, '893818', '17', 'D'),
(662, 56, 5, '893818', '18', 'A'),
(663, 56, 5, '893818', '19', 'B'),
(664, 56, 5, '893818', '20', 'A'),
(665, 12, 5, '893818', '1', 'B'),
(666, 12, 5, '893818', '2', 'B'),
(667, 12, 5, '893818', '3', 'D'),
(668, 12, 5, '893818', '4', 'B'),
(669, 12, 5, '893818', '5', 'D'),
(670, 12, 5, '893818', '6', 'C'),
(671, 12, 5, '893818', '7', 'B'),
(672, 12, 5, '893818', '8', 'D'),
(673, 12, 5, '893818', '9', 'C'),
(674, 12, 5, '893818', '10', 'D'),
(675, 12, 5, '893818', '11', 'A'),
(676, 12, 5, '893818', '12', 'C'),
(677, 12, 5, '893818', '13', 'D'),
(678, 12, 5, '893818', '14', 'B'),
(679, 12, 5, '893818', '15', 'D'),
(680, 12, 5, '893818', '16', 'C'),
(681, 12, 5, '893818', '17', 'D'),
(682, 12, 5, '893818', '18', 'D'),
(683, 12, 5, '893818', '19', 'D'),
(684, 12, 5, '893818', '20', 'A'),
(685, 58, 5, '893818', '1', 'B'),
(686, 58, 5, '893818', '2', 'B'),
(687, 58, 5, '893818', '3', 'B'),
(688, 58, 5, '893818', '4', 'A'),
(689, 58, 5, '893818', '5', 'D'),
(690, 58, 5, '893818', '6', 'C'),
(691, 58, 5, '893818', '7', 'B'),
(692, 58, 5, '893818', '8', 'B'),
(693, 58, 5, '893818', '9', 'B'),
(694, 58, 5, '893818', '10', 'C'),
(695, 58, 5, '893818', '11', 'B'),
(696, 58, 5, '893818', '12', 'A'),
(697, 58, 5, '893818', '13', 'A'),
(698, 58, 5, '893818', '14', 'B'),
(699, 58, 5, '893818', '15', 'D'),
(700, 58, 5, '893818', '16', 'C'),
(701, 58, 5, '893818', '17', 'D'),
(702, 58, 5, '893818', '18', 'D'),
(703, 58, 5, '893818', '19', 'B'),
(704, 58, 5, '893818', '20', 'A'),
(705, 58, 5, '893818', '1', 'B'),
(706, 58, 5, '893818', '2', 'B'),
(707, 58, 5, '893818', '3', 'B'),
(708, 58, 5, '893818', '4', 'A'),
(709, 58, 5, '893818', '5', 'D'),
(710, 58, 5, '893818', '6', 'C'),
(711, 58, 5, '893818', '7', 'B'),
(712, 58, 5, '893818', '8', 'B'),
(713, 58, 5, '893818', '9', 'B'),
(714, 58, 5, '893818', '10', 'C'),
(715, 58, 5, '893818', '11', 'B'),
(716, 58, 5, '893818', '12', 'A'),
(717, 58, 5, '893818', '13', 'A'),
(718, 58, 5, '893818', '14', 'B'),
(719, 58, 5, '893818', '15', 'D'),
(720, 58, 5, '893818', '16', 'C'),
(721, 58, 5, '893818', '17', 'D'),
(722, 58, 5, '893818', '18', 'D'),
(723, 58, 5, '893818', '19', 'B'),
(724, 58, 5, '893818', '20', 'A'),
(725, 57, 5, '893818', '1', 'B'),
(726, 57, 5, '893818', '2', 'B'),
(727, 57, 5, '893818', '3', 'D'),
(728, 57, 5, '893818', '4', 'C'),
(729, 57, 5, '893818', '5', 'D'),
(730, 57, 5, '893818', '6', 'C'),
(731, 57, 5, '893818', '7', 'C'),
(732, 57, 5, '893818', '8', 'D'),
(733, 57, 5, '893818', '9', 'C'),
(734, 57, 5, '893818', '10', 'C'),
(735, 57, 5, '893818', '11', 'A'),
(736, 57, 5, '893818', '12', 'B'),
(737, 57, 5, '893818', '13', 'A'),
(738, 57, 5, '893818', '14', 'B'),
(739, 57, 5, '893818', '15', 'D'),
(740, 57, 5, '893818', '16', 'C'),
(741, 57, 5, '893818', '17', 'D'),
(742, 57, 5, '893818', '18', 'A'),
(743, 57, 5, '893818', '19', 'D'),
(744, 57, 5, '893818', '20', 'A'),
(745, 57, 5, '893818', '1', 'B'),
(746, 57, 5, '893818', '2', 'B'),
(747, 57, 5, '893818', '3', 'D'),
(748, 57, 5, '893818', '4', 'C'),
(749, 57, 5, '893818', '5', 'D'),
(750, 57, 5, '893818', '6', 'C'),
(751, 57, 5, '893818', '7', 'C'),
(752, 57, 5, '893818', '8', 'D'),
(753, 57, 5, '893818', '9', 'C'),
(754, 57, 5, '893818', '10', 'C'),
(755, 57, 5, '893818', '11', 'A'),
(756, 57, 5, '893818', '12', 'B'),
(757, 57, 5, '893818', '13', 'A'),
(758, 57, 5, '893818', '14', 'B'),
(759, 57, 5, '893818', '15', 'D'),
(760, 57, 5, '893818', '16', 'C'),
(761, 57, 5, '893818', '17', 'D'),
(762, 57, 5, '893818', '18', 'A'),
(763, 57, 5, '893818', '19', 'D'),
(764, 57, 5, '893818', '20', 'A'),
(765, 29, 5, '893818', '1', 'B'),
(766, 29, 5, '893818', '2', 'A'),
(767, 29, 5, '893818', '3', 'A'),
(768, 29, 5, '893818', '4', 'A'),
(769, 29, 5, '893818', '5', 'B'),
(770, 29, 5, '893818', '6', 'A'),
(771, 29, 5, '893818', '7', 'A'),
(772, 29, 5, '893818', '8', 'D'),
(773, 29, 5, '893818', '9', 'C'),
(774, 29, 5, '893818', '10', 'B'),
(775, 29, 5, '893818', '11', 'A'),
(776, 29, 5, '893818', '12', 'B'),
(777, 29, 5, '893818', '13', 'A'),
(778, 29, 5, '893818', '14', 'B'),
(779, 29, 5, '893818', '15', 'D'),
(780, 29, 5, '893818', '16', 'D'),
(781, 29, 5, '893818', '17', 'A'),
(782, 29, 5, '893818', '18', 'B'),
(783, 29, 5, '893818', '19', 'B'),
(784, 29, 5, '893818', '20', 'A'),
(785, 32, 5, '893818', '1', 'B'),
(786, 32, 5, '893818', '2', 'B'),
(787, 32, 5, '893818', '3', 'D'),
(788, 32, 5, '893818', '4', 'C'),
(789, 32, 5, '893818', '5', 'D'),
(790, 32, 5, '893818', '6', 'C'),
(791, 32, 5, '893818', '7', 'B'),
(792, 32, 5, '893818', '8', 'D'),
(793, 32, 5, '893818', '9', 'A'),
(794, 32, 5, '893818', '10', 'C'),
(795, 32, 5, '893818', '11', 'A'),
(796, 32, 5, '893818', '12', 'B'),
(797, 32, 5, '893818', '13', 'A'),
(798, 32, 5, '893818', '14', 'B'),
(799, 32, 5, '893818', '15', 'D'),
(800, 32, 5, '893818', '16', 'C'),
(801, 32, 5, '893818', '17', 'D'),
(802, 32, 5, '893818', '18', 'A'),
(803, 32, 5, '893818', '19', 'D'),
(804, 32, 5, '893818', '20', 'A'),
(805, 32, 5, '893818', '1', 'B'),
(806, 32, 5, '893818', '2', 'B'),
(807, 32, 5, '893818', '3', 'D'),
(808, 32, 5, '893818', '4', 'C'),
(809, 32, 5, '893818', '5', 'D'),
(810, 32, 5, '893818', '6', 'C'),
(811, 32, 5, '893818', '7', 'B'),
(812, 32, 5, '893818', '8', 'D'),
(813, 32, 5, '893818', '9', 'A'),
(814, 32, 5, '893818', '10', 'C'),
(815, 32, 5, '893818', '11', 'A'),
(816, 32, 5, '893818', '12', 'B'),
(817, 32, 5, '893818', '13', 'A'),
(818, 32, 5, '893818', '14', 'B'),
(819, 32, 5, '893818', '15', 'D'),
(820, 32, 5, '893818', '16', 'C'),
(821, 32, 5, '893818', '17', 'D'),
(822, 32, 5, '893818', '18', 'A'),
(823, 32, 5, '893818', '19', 'D'),
(824, 32, 5, '893818', '20', 'A'),
(825, 61, 5, '893818', '1', 'B'),
(826, 61, 5, '893818', '2', 'B'),
(827, 61, 5, '893818', '3', 'D'),
(828, 61, 5, '893818', '4', 'D'),
(829, 61, 5, '893818', '5', 'D'),
(830, 61, 5, '893818', '6', 'C'),
(831, 61, 5, '893818', '7', 'B'),
(832, 61, 5, '893818', '8', 'D'),
(833, 61, 5, '893818', '9', 'D'),
(834, 61, 5, '893818', '10', 'D'),
(835, 61, 5, '893818', '11', 'A'),
(836, 61, 5, '893818', '12', 'C'),
(837, 61, 5, '893818', '13', 'A'),
(838, 61, 5, '893818', '14', 'B'),
(839, 61, 5, '893818', '15', 'D'),
(840, 61, 5, '893818', '16', 'C'),
(841, 61, 5, '893818', '17', 'D'),
(842, 61, 5, '893818', '18', 'C'),
(843, 61, 5, '893818', '19', 'D'),
(844, 61, 5, '893818', '20', 'A'),
(845, 63, 5, '893818', '1', 'B'),
(846, 63, 5, '893818', '2', 'B'),
(847, 63, 5, '893818', '3', 'B'),
(848, 63, 5, '893818', '4', 'B'),
(849, 63, 5, '893818', '5', 'D'),
(850, 63, 5, '893818', '6', 'C'),
(851, 63, 5, '893818', '7', 'B'),
(852, 63, 5, '893818', '8', 'B'),
(853, 63, 5, '893818', '9', 'B'),
(854, 63, 5, '893818', '10', 'C'),
(855, 63, 5, '893818', '11', 'A'),
(856, 63, 5, '893818', '12', 'D'),
(857, 63, 5, '893818', '13', 'A'),
(858, 63, 5, '893818', '14', 'B'),
(859, 63, 5, '893818', '15', 'D'),
(860, 63, 5, '893818', '16', 'C'),
(861, 63, 5, '893818', '17', 'C'),
(862, 63, 5, '893818', '18', 'A'),
(863, 63, 5, '893818', '19', 'C'),
(864, 63, 5, '893818', '20', 'A'),
(865, 62, 5, '893818', '1', 'B'),
(866, 62, 5, '893818', '2', 'B'),
(867, 62, 5, '893818', '3', 'D'),
(868, 62, 5, '893818', '4', 'C'),
(869, 62, 5, '893818', '5', 'D'),
(870, 62, 5, '893818', '6', 'C'),
(871, 62, 5, '893818', '7', 'B'),
(872, 62, 5, '893818', '8', 'D'),
(873, 62, 5, '893818', '9', 'C'),
(874, 62, 5, '893818', '10', 'C'),
(875, 62, 5, '893818', '11', 'A'),
(876, 62, 5, '893818', '12', 'B'),
(877, 62, 5, '893818', '13', 'A'),
(878, 62, 5, '893818', '14', 'D'),
(879, 62, 5, '893818', '15', 'D'),
(880, 62, 5, '893818', '16', 'C'),
(881, 62, 5, '893818', '17', 'D'),
(882, 62, 5, '893818', '18', 'A'),
(883, 62, 5, '893818', '19', 'B'),
(884, 62, 5, '893818', '20', 'A'),
(885, 65, 5, '893818', '1', 'B'),
(886, 65, 5, '893818', '2', 'B'),
(887, 65, 5, '893818', '3', 'D'),
(888, 65, 5, '893818', '4', 'C'),
(889, 65, 5, '893818', '5', 'D'),
(890, 65, 5, '893818', '6', 'C'),
(891, 65, 5, '893818', '7', 'B'),
(892, 65, 5, '893818', '8', 'D'),
(893, 65, 5, '893818', '9', 'C'),
(894, 65, 5, '893818', '10', 'C'),
(895, 65, 5, '893818', '11', 'A'),
(896, 65, 5, '893818', '12', 'B'),
(897, 65, 5, '893818', '13', 'A'),
(898, 65, 5, '893818', '14', 'D'),
(899, 65, 5, '893818', '15', 'D'),
(900, 65, 5, '893818', '16', 'C'),
(901, 65, 5, '893818', '17', 'D'),
(902, 65, 5, '893818', '18', 'A'),
(903, 65, 5, '893818', '19', 'B'),
(904, 65, 5, '893818', '20', 'A'),
(905, 72, 25, '133774', '1', 'A'),
(906, 72, 25, '133774', '2', 'A'),
(907, 72, 25, '133774', '3', 'B'),
(908, 72, 25, '133774', '1', 'A'),
(909, 72, 25, '133774', '2', 'D'),
(910, 72, 25, '133774', '3', 'B'),
(911, 72, 25, '133774', '1', 'B'),
(912, 72, 25, '133774', '2', 'D'),
(913, 72, 25, '133774', '3', 'A'),
(914, 72, 28, '96551', '1', 'A'),
(915, 72, 28, '96551', '2', 'C'),
(916, 72, 28, '96551', '3', 'C'),
(917, 72, 28, '96551', '1', 'A'),
(918, 72, 28, '96551', '2', 'B'),
(919, 72, 28, '96551', '3', 'C'),
(920, 73, 28, '96551', '1', 'A'),
(921, 73, 28, '96551', '2', 'A'),
(922, 73, 28, '96551', '3', 'C'),
(923, 73, 28, '96551', '1', 'A'),
(924, 73, 28, '96551', '2', 'B'),
(925, 73, 28, '96551', '3', 'C'),
(926, 74, 31, '71257', '1', 'A'),
(927, 74, 31, '71257', '2', 'B'),
(928, 74, 31, '71257', '3', 'B'),
(929, 74, 31, '71257', '1', 'A'),
(930, 74, 31, '71257', '2', 'B'),
(931, 74, 31, '71257', '3', 'C');

-- --------------------------------------------------------

--
-- Struktur dari tabel `tbl_jenissuara`
--

CREATE TABLE `tbl_jenissuara` (
  `id_suara` int(11) NOT NULL,
  `jenis_suara` varchar(100) NOT NULL
) ENGINE=InnoDB DEFAULT CHARSET=latin1;

--
-- Dumping data untuk tabel `tbl_jenissuara`
--

INSERT INTO `tbl_jenissuara` (`id_suara`, `jenis_suara`) VALUES
(1, 'TENOR'),
(2, 'SOPRAN'),
(3, 'BASS'),
(4, 'ALTO');

-- --------------------------------------------------------

--
-- Struktur dari tabel `tbl_jurusan`
--

CREATE TABLE `tbl_jurusan` (
  `id_jurusan` int(10) NOT NULL,
  `jurusan` varchar(100) NOT NULL
) ENGINE=InnoDB DEFAULT CHARSET=latin1;

--
-- Dumping data untuk tabel `tbl_jurusan`
--

INSERT INTO `tbl_jurusan` (`id_jurusan`, `jurusan`) VALUES
(1, 'INFORMATIKA'),
(2, 'SISTEM INFORMASI'),
(3, 'MANAJEMEN'),
(4, 'SASTRA INGGRIS'),
(5, 'PENDIDIKAN BAHASA INGGRIS'),
(6, 'AKUNTANSI'),
(7, 'TEKNIK KOMPUTER'),
(8, 'TEKNOLOGI INFORMASI'),
(9, 'TEKNIK ELEKTRO'),
(10, 'TEKNIK SIPIL'),
(11, 'SISTEM INFORMASI AKUNTANSI'),
(12, 'PENDIDIKAN OLAHRAGA'),
(13, 'PENDIDIKAN MATEMATIKA');

-- --------------------------------------------------------

--
-- Struktur dari tabel `tbl_keaktifan`
--

CREATE TABLE `tbl_keaktifan` (
  `id_keaktifan` int(11) NOT NULL,
  `id_register` int(11) NOT NULL,
  `kegiatan` varchar(100) DEFAULT NULL,
  `tanggal_kegiatan` varchar(50) DEFAULT NULL
) ENGINE=InnoDB DEFAULT CHARSET=latin1;

--
-- Dumping data untuk tabel `tbl_keaktifan`
--

INSERT INTO `tbl_keaktifan` (`id_keaktifan`, `id_register`, `kegiatan`, `tanggal_kegiatan`) VALUES
(1, 3, 'tes vocal', '2020-03-23'),
(2, 1, 'tes vocal', '2020-03-23'),
(3, 3, 'LATIHAN PERSIAPAN KONTES DI ', '2020-03-25'),
(4, 2, 'LATIHAN PERSIAPAN KONTES DI ', '2020-03-25'),
(5, 1, 'LATIHAN PERSIAPAN KONTES DI ', '2020-03-25'),
(6, 3, 'tes vocal', '2020-04-19'),
(7, 1, 'tes vocal', '2020-04-19'),
(8, 4, 'TFES', '2020-07-03'),
(9, 65, 'TFES', '2019-11-07'),
(10, 72, 'TFES', '2020-08-30'),
(11, 73, 'Wisuda', '2019-12-13'),
(12, 63, 'Wisuda', '2019-12-13'),
(13, 62, 'Wisuda', '2019-12-13'),
(14, 61, 'Wisuda', '2019-12-13'),
(15, 59, 'Wisuda', '2019-12-13'),
(16, 58, 'Wisuda', '2019-12-13'),
(17, 57, 'Wisuda', '2019-12-13'),
(18, 56, 'Wisuda', '2019-12-13'),
(19, 55, 'Wisuda', '2019-12-13'),
(20, 54, 'Wisuda', '2019-12-13'),
(21, 53, 'Wisuda', '2019-12-13'),
(22, 52, 'Wisuda', '2019-12-13'),
(23, 51, 'Wisuda', '2019-12-13'),
(24, 50, 'Wisuda', '2019-12-13'),
(25, 50, 'TFES', '2019-11-11'),
(26, 49, 'TFES', '2019-11-11'),
(27, 48, 'TFES', '2019-11-11'),
(28, 47, 'TFES', '2019-11-11'),
(29, 46, 'TFES', '2019-11-11'),
(30, 45, 'TFES', '2019-11-11'),
(31, 44, 'TFES', '2019-11-11'),
(32, 43, 'TFES', '2019-11-11'),
(33, 42, 'TFES', '2019-11-11'),
(34, 41, 'TFES', '2019-11-11'),
(35, 40, 'TFES', '2019-11-11'),
(36, 39, 'TFES', '2019-11-11'),
(37, 36, 'TFES', '2019-11-11'),
(38, 35, 'Musyawarah Golkar', '2020-07-06'),
(39, 34, 'Musyawarah Golkar', '2020-07-06'),
(40, 33, 'Musyawarah Golkar', '2020-07-06'),
(41, 32, 'Musyawarah Golkar', '2020-07-06'),
(42, 30, 'Musyawarah Golkar', '2020-07-06'),
(43, 29, 'Musyawarah Golkar', '2020-07-06'),
(44, 28, 'Musyawarah Golkar', '2020-07-06'),
(45, 25, 'Musyawarah Golkar', '2020-07-06'),
(46, 24, 'Musyawarah Golkar', '2020-07-06'),
(47, 23, 'Musyawarah Golkar', '2020-07-06'),
(48, 22, 'Musyawarah Golkar', '2020-07-06'),
(49, 19, 'Musyawarah Golkar', '2020-07-06'),
(50, 17, 'Musyawarah Golkar', '2020-07-06'),
(51, 13, 'Musyawarah Golkar', '2020-07-06'),
(52, 12, 'Musyawarah Golkar', '2020-07-06'),
(53, 11, 'Musyawarah Golkar', '2020-07-06'),
(54, 9, 'Musyawarah Golkar', '2020-07-06');

-- --------------------------------------------------------

--
-- Struktur dari tabel `tbl_nilai`
--

CREATE TABLE `tbl_nilai` (
  `id_nilai` int(10) NOT NULL,
  `id_register` int(10) NOT NULL,
  `id_soal` int(10) NOT NULL,
  `kode` varchar(100) NOT NULL,
  `nilai` decimal(50,0) NOT NULL,
  `hasil` varchar(100) DEFAULT NULL,
  `tanggal_nilai` datetime DEFAULT NULL
) ENGINE=InnoDB DEFAULT CHARSET=latin1;

--
-- Dumping data untuk tabel `tbl_nilai`
--

INSERT INTO `tbl_nilai` (`id_nilai`, `id_register`, `id_soal`, `kode`, `nilai`, `hasil`, `tanggal_nilai`) VALUES
(1, 14, 1, '883867', '75', NULL, '2020-08-15 07:34:07'),
(2, 14, 1, '883867', '50', NULL, '2020-08-15 07:34:37'),
(3, 14, 1, '883867', '0', NULL, '2020-08-15 07:35:02'),
(4, 10, 1, '883867', '50', NULL, '2020-08-15 07:48:49'),
(5, 10, 1, '883867', '0', NULL, '2020-08-15 07:49:52'),
(6, 10, 1, '883867', '75', NULL, '2020-08-15 07:51:34'),
(7, 9, 5, '893818', '85', 'Lulus', '2020-08-15 13:01:38'),
(8, 11, 5, '893818', '50', 'Tidak Lulus', '2020-08-15 13:12:54'),
(9, 24, 5, '893818', '80', 'Lulus', '2020-08-15 13:32:45'),
(10, 24, 5, '893818', '80', 'Lulus', '2020-08-15 13:35:10'),
(11, 23, 5, '893818', '90', NULL, '2020-08-15 13:38:51'),
(12, 25, 5, '893818', '80', NULL, '2020-08-15 13:44:25'),
(13, 25, 5, '893818', '80', NULL, '2020-08-15 13:44:51'),
(14, 28, 5, '893818', '75', NULL, '2020-08-15 15:21:08'),
(15, 30, 5, '893818', '25', NULL, '2020-08-15 15:51:32'),
(16, 13, 5, '893818', '85', NULL, '2020-08-15 20:21:33'),
(17, 34, 5, '893818', '95', NULL, '2020-08-15 21:16:49'),
(18, 36, 5, '893818', '95', NULL, '2020-08-15 22:01:47'),
(19, 38, 5, '893818', '85', NULL, '2020-08-15 22:46:38'),
(20, 39, 5, '893818', '80', NULL, '2020-08-15 22:47:06'),
(21, 40, 5, '893818', '75', NULL, '2020-08-15 22:54:14'),
(22, 41, 5, '893818', '95', NULL, '2020-08-15 22:58:08'),
(23, 42, 5, '893818', '85', NULL, '2020-08-15 23:10:21'),
(24, 43, 5, '893818', '95', NULL, '2020-08-15 23:13:16'),
(25, 44, 5, '893818', '90', NULL, '2020-08-15 23:13:40'),
(26, 46, 5, '893818', '90', NULL, '2020-08-15 23:15:54'),
(27, 45, 5, '893818', '70', NULL, '2020-08-15 23:17:43'),
(28, 47, 5, '893818', '60', NULL, '2020-08-15 23:20:46'),
(29, 48, 5, '893818', '95', NULL, '2020-08-15 23:34:35'),
(30, 35, 5, '893818', '95', NULL, '2020-08-15 23:38:56'),
(31, 35, 5, '893818', '95', NULL, '2020-08-15 23:40:56'),
(32, 49, 5, '893818', '60', NULL, '2020-08-15 23:46:47'),
(33, 50, 5, '893818', '50', NULL, '2020-08-15 23:50:25'),
(34, 52, 5, '893818', '50', NULL, '2020-08-15 23:56:14'),
(35, 53, 5, '893818', '60', NULL, '2020-08-15 23:59:37'),
(36, 54, 5, '893818', '95', NULL, '2020-08-16 00:03:09'),
(37, 55, 5, '893818', '85', NULL, '2020-08-16 00:06:24'),
(38, 56, 5, '893818', '70', NULL, '2020-08-16 00:19:26'),
(39, 12, 5, '893818', '70', NULL, '2020-08-16 09:30:21'),
(40, 58, 5, '893818', '55', NULL, '2020-08-16 09:51:42'),
(41, 58, 5, '893818', '55', NULL, '2020-08-16 09:52:03'),
(42, 57, 5, '893818', '90', NULL, '2020-08-16 09:56:20'),
(43, 57, 5, '893818', '90', NULL, '2020-08-16 09:56:39'),
(44, 29, 5, '893818', '40', NULL, '2020-08-16 10:14:23'),
(45, 32, 5, '893818', '90', NULL, '2020-08-16 11:40:06'),
(46, 32, 5, '893818', '90', NULL, '2020-08-16 11:40:35'),
(47, 61, 5, '893818', '70', NULL, '2020-08-16 12:38:43'),
(48, 63, 5, '893818', '60', NULL, '2020-08-16 18:43:30'),
(49, 62, 5, '893818', '95', NULL, '2020-08-16 18:45:01'),
(50, 65, 5, '893818', '95', NULL, '2020-08-16 18:45:09'),
(51, 72, 25, '133774', '67', 'Lulus', '2020-09-03 11:42:04'),
(52, 72, 25, '133774', '100', 'Lulus', '2020-09-03 11:43:02'),
(53, 72, 25, '133774', '33', 'Lulus', '2020-09-03 11:43:23'),
(54, 72, 28, '96551', '67', NULL, '2020-09-08 08:56:15'),
(55, 72, 28, '96551', '100', NULL, '2020-09-08 08:56:36'),
(56, 73, 28, '96551', '67', NULL, '2020-09-08 08:59:21'),
(57, 73, 28, '96551', '100', NULL, '2020-09-08 08:59:47'),
(58, 74, 31, '71257', '67', NULL, '2020-09-11 13:10:09'),
(59, 74, 31, '71257', '100', NULL, '2020-09-11 13:10:30');

-- --------------------------------------------------------

--
-- Struktur dari tabel `tbl_penempatan`
--

CREATE TABLE `tbl_penempatan` (
  `id_penempatan` int(10) NOT NULL,
  `penempatan` varchar(100) DEFAULT NULL
) ENGINE=InnoDB DEFAULT CHARSET=latin1;

--
-- Dumping data untuk tabel `tbl_penempatan`
--

INSERT INTO `tbl_penempatan` (`id_penempatan`, `penempatan`) VALUES
(1, 'TENOR'),
(2, 'ALTO'),
(3, 'SOPRAN'),
(4, 'BASS');

-- --------------------------------------------------------

--
-- Struktur dari tabel `tbl_register`
--

CREATE TABLE `tbl_register` (
  `id_register` int(10) NOT NULL,
  `npm` varchar(50) DEFAULT NULL,
  `nama` varchar(100) DEFAULT NULL,
  `password` varchar(200) DEFAULT NULL,
  `email` varchar(100) DEFAULT NULL,
  `id_jurusan` int(10) DEFAULT NULL,
  `id_fakultas` int(10) DEFAULT NULL
) ENGINE=InnoDB DEFAULT CHARSET=latin1;

--
-- Dumping data untuk tabel `tbl_register`
--

INSERT INTO `tbl_register` (`id_register`, `npm`, `nama`, `password`, `email`, `id_jurusan`, `id_fakultas`) VALUES
(9, '18352001', 'ADE DWI PUTRA', '123456', 'adedwiputra.tekno@gmail.com', 1, 1),
(11, '19111071', 'EVA FITRIYANI', 'desember14', 'evaaa.fitri@gmail.com', 4, 2),
(12, '17311088', 'SISKA MARYATI', 'siska132', 'siska.maryati12@gmail.com', 2, 1),
(13, '19412011', 'WAHYU CAHYATI', 'wahyu27', 'wahyu.cahyati01@gmail.com', 6, 3),
(17, '19411336', 'M. FARHAN', 'farhan.xoxo15', 'm.farhan.m.f164@gmail.com', 3, 3),
(19, '19311154', 'RIDO FEBRYANSYAH', 'Sobaka13', 'rido_febryansyah@teknokrat.ac.id', 2, 1),
(22, '19111080', 'STEFANY EVA ROTAMAULI TAMBUNAN', 'rotamaulii222', 'stevany.eva22@gmail.com', 4, 2),
(23, '19113015', 'NIA RAGILIA', 'rahasiasaya', 'niaragilia45@gmail.com', 5, 2),
(24, '18111053', 'ANISYA NUR RASYID', '18111053', 'dholee33@gmail.com', 4, 2),
(25, '19411295', 'ADELLIA GISKA CANTIKA', 'adellgiska', 'adelliagiskacantika@gmail.com', 3, 3),
(28, '19312149', 'RIKO DWI SETIAWAN', '19312149', 'rikods100@gmail.com', 1, 1),
(29, '19113054', 'HIBATULLAH RIZKI RAMADHAN', '1234567890', 'hirizdhan@gmail.com', 5, 2),
(30, '19315052', 'ANANDA M FATHURAHMAN', 'nandafatur1304', 'anandafathurahman132@gmail.com', 9, 1),
(32, '19411010', 'BELLA PUTRI ERLYANT', 'adaadaajakamu', 'bellaputrierlyant01@gmail.com', 3, 3),
(33, '19412061', 'ANGGUN LESTARI ', 'Anggun20*', 'anggunlestari9971@gmail.com', 6, 3),
(34, '18114082', 'MUHAMMAD RAFKY RIYADI', '18114082', 'rafkyriyadi12@gmail.com', 12, 2),
(35, '19411298', 'DHEA ANANDA JULIETHA', 'lampung21', 'dheaananda2121@gmail.com', 3, 3),
(36, '18114075', 'ELIS MEIDINA AZARIA', 'elis11', 'elismeidina11@gmail.con', 12, 2),
(39, '16311077', 'CHANDRA WARDHANI', 'xyz123', 'wardhanichandra@gmail.com', 2, 1),
(40, '19311151', 'KURNIA PUTRI RAMADHANY', '19311151', 'kurniaputriramadhani@gmail.com', 2, 1),
(41, '16311079', 'RILO NUR DEVIJA', 'rilocantik88', 'rilodevija@gmail.com', 2, 1),
(42, '19231003', 'FITRIA HERWINA', '19231003', 'fitriaherwina08@gmail.com', 11, 1),
(43, '16111076', 'TETA IRAMA SETRI', 'tetairamaa', 't.iramas@gmail.com', 4, 2),
(44, '17231025', 'PUTRI PERMATA SARI', '17231025', 'putpermatasar@gmail.com', 11, 1),
(45, '19113009', 'MARIA NIKEN P', '100501', 'marianikenp10@gmail.com', 5, 2),
(46, '18311346', 'OKTICA NUR KINANTI', '18311346', 'ticakinanti55@gmail.com', 2, 1),
(47, '19411227', 'NAILUL FADILAH', 'fadilahh12', 'n.fadils@gmail.com', 3, 3),
(48, '17311125', 'DINA NUR WEDYANI', 'dinadnw12', 'dinanurwedyani1999@gmail.com', 2, 1),
(49, '16111064', 'CHISILIA PUTRI ANGGRAINI', 'sisilsisil', 'sisilia00000@gmail.com', 4, 2),
(50, '17311339', 'DWI INDAH', 'dindah17', 'd.dwindahhh17@gmail.com', 2, 1),
(51, '17311339', 'PITA LOKA', 'pipitpita', 'pit.aloka99@gmail.com', 2, 1),
(52, '17311265', 'ZULFA NABILA', 'zulfanabila', 'zulfa.nabila@outlook.com', 2, 1),
(53, '17311343', 'ROHMATUN FADILLA', 'fadillaaa', 'r.fadilla120699@gmail.com', 2, 1),
(54, '17311346', 'WILDA CIKA KRISTINA', 'wildacakeup', 'wildacikaa99kristina@gmail.com', 2, 1),
(55, '17311094', 'WIJI ASRURIN', 'asrurin23', 'asrurinwiji2323@gmail.com', 2, 1),
(56, '19311152', 'SITI FATIMAH', 'itis1708', 'sitifatimahhh1708@gmail.com', 2, 1),
(57, '19411122', 'NABILA RAHNITA ARDIN', '231608', 'nabilarahnitaardin@gmail.com', 3, 3),
(58, '19312154', 'ANGGUN MAYLANI', 'anggun123', 'anggunmaylani13@gmail.com', 1, 1),
(59, '18411219', 'NANDO HIRMAJA', 'Nando21*', 'nandohirmaja21@gmail.com', 3, 3),
(61, '19411097', 'VAN BASTIAN HARUN', 'bastian12', 'bastian.harun09@gmail.com', 3, 3),
(62, '18312217', 'DINDA TITIAN LESTARI', '123456', 'dindat021@gmail.com', 1, 1),
(63, '18312246', 'ANISATUN NASYIAH', 'anisa100999', 'anisatunnaayiah@gmail.com', 1, 1),
(64, '18312178', 'SYAFIRA NURULLITA', 'syafir31', 'syafirnurullita@gmail.com', 1, 1),
(65, '18312178', 'SYAFIRA NURULLITA', 'syafir31', 'syafirnurullita31@gmail.com', 1, 1),
(72, '16311019', 'NEVIS NAINDA', '16311019', 'nainda98@gmail.com', 2, 1),
(73, '16311033', 'ANITA', '16311033', 'hssbbd@gmail.com', 2, 1),
(74, '16311027', 'RINANTI DS ', '16311027', 'rinanti27@gmail.com', 2, 1);

-- --------------------------------------------------------

--
-- Struktur dari tabel `tbl_soal`
--

CREATE TABLE `tbl_soal` (
  `id_soal` int(10) NOT NULL,
  `id_ukm` int(10) NOT NULL,
  `kode` varchar(100) DEFAULT NULL,
  `no` varchar(50) DEFAULT NULL,
  `judul_soal` varchar(200) DEFAULT NULL,
  `waktu` varchar(50) DEFAULT NULL,
  `pertanyaan` text DEFAULT NULL,
  `pilihan1` varchar(200) DEFAULT NULL,
  `p1` varchar(50) DEFAULT NULL,
  `pilihan2` varchar(200) DEFAULT NULL,
  `p2` varchar(50) DEFAULT NULL,
  `pilihan3` varchar(200) DEFAULT NULL,
  `p3` varchar(50) DEFAULT NULL,
  `pilihan4` varchar(200) DEFAULT NULL,
  `p4` varchar(50) DEFAULT NULL,
  `jawaban` varchar(20) DEFAULT NULL,
  `waktu_mulai` datetime NOT NULL,
  `waktu_akhir` datetime NOT NULL,
  `tanggal` datetime DEFAULT NULL
) ENGINE=InnoDB DEFAULT CHARSET=latin1;

--
-- Dumping data untuk tabel `tbl_soal`
--

INSERT INTO `tbl_soal` (`id_soal`, `id_ukm`, `kode`, `no`, `judul_soal`, `waktu`, `pertanyaan`, `pilihan1`, `p1`, `pilihan2`, `p2`, `pilihan3`, `p3`, `pilihan4`, `p4`, `jawaban`, `waktu_mulai`, `waktu_akhir`, `tanggal`) VALUES
(5, 1, '893818', '1', 'Post Test 1', '3600', 'Teknik bernyanyi lebih dari satu suara yang terdiri dari suara Sopran-Alto-Tenor-Bass disebut ?', 'Unisono', '133918', 'Paduan Suara', '898763', 'Kanon', '391193', 'Acapella', '442461', 'B', '2020-08-15 12:40:00', '2020-08-22 23:59:00', '2020-08-15 12:39:00'),
(6, 1, '893818', '2', 'Post Test 1', '3600', 'Jenis vokal grup yang susunan suaranya terdiri dari Sopran-Alto-Tenor-Bass disebut ?', 'Acapella', '133919', 'Choir/Koor', '898764', 'Orkestra', '391194', 'Kanon', '442462', 'B', '2020-08-15 12:40:00', '2020-08-22 23:59:00', '2020-08-15 12:39:00'),
(7, 1, '893818', '3', 'Post Test 1', '3600', 'Teknik bernyanyi vokal grup tanpa iringan musik disebut ?', 'Kuartet', '133920', 'Paduan Suara', '898765', 'Kanon', '391195', 'Acapella', '442463', 'D', '2020-08-15 12:40:00', '2020-08-22 23:59:00', '2020-08-15 12:39:00'),
(8, 1, '893818', '4', 'Post Test 1', '3600', 'Suatu pertunjukan musik yang dimainkan secara berkelompok menggunakan alat musik sejenis atau yang tidak sejenis/campuran disebut ?', 'Band', '133921', 'Paduan Suara', '898766', 'Ansambel', '391196', 'Harmonis', '442464', 'C', '2020-08-15 12:40:00', '2020-08-22 23:59:00', '2020-08-15 12:39:00'),
(9, 1, '893818', '5', 'Post Test 1', '3600', 'Suara tinggi wanita dalam paduan suara atau vokal grup disebut ?', 'Bass', '133922', 'Tenor', '898767', 'Alto', '391197', 'Sopran', '442465', 'D', '2020-08-15 12:40:00', '2020-08-22 23:59:00', '2020-08-15 12:39:00'),
(10, 1, '893818', '6', 'Post Test 1', '3600', 'Suara tinggi laki-laki dalam paduan suara atau vokal grup disebut ?', 'Bass', '133923', 'Alto', '898768', 'Tenor', '391198', 'Sopran', '442466', 'C', '2020-08-15 12:40:00', '2020-08-22 23:59:00', '2020-08-15 12:39:00'),
(11, 1, '893818', '7', 'Post Test 1', '3600', 'Susunan pengelompokkan suara dalam paduan suara yang benar adalah ?', 'Tenor-Alto-Sopran-Bass', '133924', 'Sopran-Alto-Tenor-Bass', '898769', 'Alto-Sopran-Bass-Tenor', '391199', 'Bass-Sopran-Alto-Tenor', '442467', 'B', '2020-08-15 12:40:00', '2020-08-22 23:59:00', '2020-08-15 12:39:00'),
(12, 1, '893818', '8', 'Post Test 1', '3600', 'Jenis pernafasan yang baik dipergunakan dalam bernyanyi yaitu pernafasan ?', 'Mulut', '133925', 'Perut', '898770', 'Dada', '391200', 'Diafragma', '442468', 'D', '2020-08-15 12:40:00', '2020-08-22 23:59:00', '2020-08-15 12:39:00'),
(13, 1, '893818', '9', 'Post Test 1', '3600', 'Bernyanyi dengan cara menyanyikan lagu satu suara disebut ?', 'Acapella', '133926', 'Vokal Grup', '898771', 'Unisono', '391201', 'Kanon', '442469', 'C', '2020-08-15 12:40:00', '2020-08-22 23:59:00', '2020-08-15 12:39:00'),
(14, 1, '893818', '10', 'Post Test 1', '3600', 'Teknik bernyanyi yang mengatur tinggi rendahnya suatu nada yang harus dijangkau dengan tepat (pitch) disebut ?', 'Artikulasi', '133927', 'Frasering', '898772', 'Intonasi', '391202', 'Resonansi', '442470', 'C', '2020-08-15 12:40:00', '2020-08-22 23:59:00', '2020-08-15 12:39:00'),
(15, 1, '893818', '11', 'Post Test 1', '3600', 'Salah satu teknik bernyanyi yang mengatur tentang pengucapan kata yang baik dan jelas disebut ?', 'Artikulasi', '133928', 'Frasering', '898773', 'Intonasi', '391203', 'Resonansi', '442471', 'A', '2020-08-15 12:40:00', '2020-08-22 23:59:00', '2020-08-15 12:39:00'),
(16, 1, '893818', '12', 'Post Test 1', '3600', 'Teknik pemenggalan kata/kalimat yang baik dan benar sehingga mudah dimengerti dan sesuai dengan ketentuan yang berlaku disebut ?', 'Artikulasi', '133929', 'Frasering', '898774', 'Intonasi', '391204', 'Resonansi', '442472', 'B', '2020-08-15 12:40:00', '2020-08-22 23:59:00', '2020-08-15 12:39:00'),
(17, 1, '893818', '13', 'Post Test 1', '3600', 'Menyanyikan suatu lagu atau karya musik secara bersama-sama lebih dari 5-10 orang disebut ?', 'Paduan Suara', '133930', 'Trio', '898775', 'Duet', '391205', 'Ansambel', '442473', 'A', '2020-08-15 12:40:00', '2020-08-22 23:59:00', '2020-08-15 12:39:00'),
(18, 1, '893818', '14', 'Post Test 1', '3600', 'Orang yang memimpin Paduan Suara disebut ?', 'Direktur', '133931', 'Dirigen ', '898776', 'Komposer', '391206', 'Arranger', '442474', 'D', '2020-08-15 12:40:00', '2020-08-22 23:59:00', '2020-08-15 12:39:00'),
(19, 1, '893818', '15', 'Post Test 1', '3600', 'Dibawah ini adalah unsur-unsur dalam teknik vokal, kecuali ?', 'Intonasi', '133932', 'Artikulasi', '898777', 'Pernafasan', '391207', 'Ekspresi', '442475', 'D', '2020-08-15 12:40:00', '2020-08-22 23:59:00', '2020-08-15 12:39:00'),
(20, 1, '893818', '16', 'Post Test 1', '3600', 'Cara mengucapkan huruf hidup dan huruf mati dengan bentuk mulut yang benar disebut ?', 'Intonasi', '133933', 'Teknik', '898778', 'Artikulasi', '391208', 'Pernafasan', '442476', 'C', '2020-08-15 12:40:00', '2020-08-22 23:59:00', '2020-08-15 12:39:00'),
(21, 1, '893818', '17', 'Post Test 1', '3600', 'Berikut ini yang bukan merupakan jenis vokal grup berdasarkan jumlah penyanyi dan jumlah suaranya adalah ?', 'Paduan Suara', '133934', 'Trio', '898779', 'Kuartet', '391209', 'Orkestra', '442477', 'D', '2020-08-15 12:40:00', '2020-08-22 23:59:00', '2020-08-15 12:39:00'),
(22, 1, '893818', '18', 'Post Test 1', '3600', 'Berikut ini yang bukan merupakan jenis vokal grup berdasarkan tekniknya adalah ?', 'Orkestra', '133935', 'Acapella', '898780', 'Kanon', '391210', 'Koor', '442478', 'A', '2020-08-15 12:40:00', '2020-08-22 23:59:00', '2020-08-15 12:39:00'),
(23, 1, '893818', '19', 'Post Test 1', '3600', 'Teknik bernyanyi vokal grup tanpa iringan musik disebut ?', 'Kuartet', '133936', 'Paduan Suara', '898781', 'Kanon', '391211', 'Acapella', '442479', 'D', '2020-08-15 12:40:00', '2020-08-22 23:59:00', '2020-08-15 12:39:00'),
(24, 1, '893818', '20', 'Post Test 1', '3600', 'Vokal grup yang terdiri dari 4 orang disebut ?', 'Kuartet', '133937', 'Kuintet', '898782', 'Duet', '391212', 'Sektet', '442480', 'A', '2020-08-15 12:40:00', '2020-08-22 23:59:00', '2020-08-15 12:39:00'),
(25, 1, '133774', '1', 'Post Test', '3600', 'Suara Tinggi Wanita?', 'Sopran', '755818', 'Alto', '93122', 'Tenor', '356777', 'Bass', '9476', 'A', '2020-09-03 11:41:00', '2020-09-03 13:43:00', '2020-09-03 11:40:36'),
(26, 1, '133774', '2', 'Post Test', '3600', 'Suara Rendah Wanita?', 'Tenor', '755819', 'Bass', '93123', 'Sopran', '356778', 'Alto', '9477', 'D', '2020-09-03 11:41:00', '2020-09-03 13:43:00', '2020-09-03 11:40:36'),
(27, 1, '133774', '3', 'Post Test', '3600', 'Suara Tinggi Pria?', 'Bass', '755820', 'Tenor', '93124', 'Alto', '356779', 'Sopran', '9478', 'B', '2020-09-03 11:41:00', '2020-09-03 13:43:00', '2020-09-03 11:40:36'),
(28, 1, '96551', '1', 'Test', '3600', 'Suara tinggi lakilaki', 'tenor', '47357', 'sopran', '44341', 'bass', '298267', 'alto', '545738', 'A', '2020-09-08 08:45:00', '2020-09-08 09:45:00', '2020-09-08 08:43:37'),
(29, 1, '96551', '2', NULL, NULL, 'Suara rendah wanita', 'tenor', '18685', 'alto', '518828', 'bass', '666', 'sopran', '891329', 'B', '2020-09-08 08:45:00', '2020-09-08 09:45:00', '2020-09-08 08:44:41'),
(30, 1, '96551', '3', NULL, NULL, 'Suara rendah lakilaki', 'sopran', '18686', 'tenor', '518829', 'bass', '667', 'alto', '891330', 'C', '2020-09-08 08:45:00', '2020-09-08 09:45:00', '2020-09-08 08:44:41'),
(31, 1, '71257', '1', 'Test 2', '3600', 'Suara tinggi pria?', 'Tenor', '615973', 'Sopran', '587825', 'Alto', '513983', 'Bass', '575815', 'A', '2020-09-11 12:31:00', '2020-09-11 17:30:00', '2020-09-11 12:25:02'),
(32, 1, '71257', '2', 'Test 2', '3600', 'Vokal grup yang terdiri dari 10 orang atau lebih disebut ?', 'Kuartet', '615974', 'Paduan Suara', '587826', 'Duet', '513984', 'Sektet', '575816', 'B', '2020-09-11 12:31:00', '2020-09-11 17:30:00', '2020-09-11 12:25:02'),
(33, 1, '71257', '3', 'Test 2', '3600', 'Suara rendah wanita disebut?', 'Sopran', '615975', 'Bass', '587827', 'Alto', '513985', 'Tenor', '575817', 'C', '2020-09-11 12:31:00', '2020-09-11 17:30:00', '2020-09-11 12:25:02');

-- --------------------------------------------------------

--
-- Struktur dari tabel `tbl_ukm`
--

CREATE TABLE `tbl_ukm` (
  `id_ukm` int(10) NOT NULL,
  `ukm` varchar(100) NOT NULL
) ENGINE=InnoDB DEFAULT CHARSET=latin1;

--
-- Dumping data untuk tabel `tbl_ukm`
--

INSERT INTO `tbl_ukm` (`id_ukm`, `ukm`) VALUES
(1, 'PADUAN SUARA'),
(2, 'SENI TARI');

--
-- Indexes for dumped tables
--

--
-- Indeks untuk tabel `penempatan_mahasiswa`
--
ALTER TABLE `penempatan_mahasiswa`
  ADD PRIMARY KEY (`id_penempatan_mahasiswa`);

--
-- Indeks untuk tabel `tbl_admin`
--
ALTER TABLE `tbl_admin`
  ADD PRIMARY KEY (`id_admin`);

--
-- Indeks untuk tabel `tbl_detail_mahasiswa`
--
ALTER TABLE `tbl_detail_mahasiswa`
  ADD PRIMARY KEY (`id_detail_mahasiswa`);

--
-- Indeks untuk tabel `tbl_fakultas`
--
ALTER TABLE `tbl_fakultas`
  ADD PRIMARY KEY (`id_fakultas`);

--
-- Indeks untuk tabel `tbl_jawaban`
--
ALTER TABLE `tbl_jawaban`
  ADD PRIMARY KEY (`id_jawaban`);

--
-- Indeks untuk tabel `tbl_jenissuara`
--
ALTER TABLE `tbl_jenissuara`
  ADD PRIMARY KEY (`id_suara`);

--
-- Indeks untuk tabel `tbl_jurusan`
--
ALTER TABLE `tbl_jurusan`
  ADD PRIMARY KEY (`id_jurusan`);

--
-- Indeks untuk tabel `tbl_keaktifan`
--
ALTER TABLE `tbl_keaktifan`
  ADD PRIMARY KEY (`id_keaktifan`);

--
-- Indeks untuk tabel `tbl_nilai`
--
ALTER TABLE `tbl_nilai`
  ADD PRIMARY KEY (`id_nilai`);

--
-- Indeks untuk tabel `tbl_penempatan`
--
ALTER TABLE `tbl_penempatan`
  ADD PRIMARY KEY (`id_penempatan`);

--
-- Indeks untuk tabel `tbl_register`
--
ALTER TABLE `tbl_register`
  ADD PRIMARY KEY (`id_register`);

--
-- Indeks untuk tabel `tbl_soal`
--
ALTER TABLE `tbl_soal`
  ADD PRIMARY KEY (`id_soal`);

--
-- Indeks untuk tabel `tbl_ukm`
--
ALTER TABLE `tbl_ukm`
  ADD PRIMARY KEY (`id_ukm`);

--
-- AUTO_INCREMENT untuk tabel yang dibuang
--

--
-- AUTO_INCREMENT untuk tabel `penempatan_mahasiswa`
--
ALTER TABLE `penempatan_mahasiswa`
  MODIFY `id_penempatan_mahasiswa` int(10) NOT NULL AUTO_INCREMENT, AUTO_INCREMENT=7;

--
-- AUTO_INCREMENT untuk tabel `tbl_admin`
--
ALTER TABLE `tbl_admin`
  MODIFY `id_admin` int(10) NOT NULL AUTO_INCREMENT, AUTO_INCREMENT=2;

--
-- AUTO_INCREMENT untuk tabel `tbl_detail_mahasiswa`
--
ALTER TABLE `tbl_detail_mahasiswa`
  MODIFY `id_detail_mahasiswa` int(10) NOT NULL AUTO_INCREMENT, AUTO_INCREMENT=33;

--
-- AUTO_INCREMENT untuk tabel `tbl_fakultas`
--
ALTER TABLE `tbl_fakultas`
  MODIFY `id_fakultas` int(10) NOT NULL AUTO_INCREMENT, AUTO_INCREMENT=4;

--
-- AUTO_INCREMENT untuk tabel `tbl_jawaban`
--
ALTER TABLE `tbl_jawaban`
  MODIFY `id_jawaban` int(10) NOT NULL AUTO_INCREMENT, AUTO_INCREMENT=932;

--
-- AUTO_INCREMENT untuk tabel `tbl_jenissuara`
--
ALTER TABLE `tbl_jenissuara`
  MODIFY `id_suara` int(11) NOT NULL AUTO_INCREMENT, AUTO_INCREMENT=5;

--
-- AUTO_INCREMENT untuk tabel `tbl_jurusan`
--
ALTER TABLE `tbl_jurusan`
  MODIFY `id_jurusan` int(10) NOT NULL AUTO_INCREMENT, AUTO_INCREMENT=14;

--
-- AUTO_INCREMENT untuk tabel `tbl_keaktifan`
--
ALTER TABLE `tbl_keaktifan`
  MODIFY `id_keaktifan` int(11) NOT NULL AUTO_INCREMENT, AUTO_INCREMENT=55;

--
-- AUTO_INCREMENT untuk tabel `tbl_nilai`
--
ALTER TABLE `tbl_nilai`
  MODIFY `id_nilai` int(10) NOT NULL AUTO_INCREMENT, AUTO_INCREMENT=60;

--
-- AUTO_INCREMENT untuk tabel `tbl_penempatan`
--
ALTER TABLE `tbl_penempatan`
  MODIFY `id_penempatan` int(10) NOT NULL AUTO_INCREMENT, AUTO_INCREMENT=5;

--
-- AUTO_INCREMENT untuk tabel `tbl_register`
--
ALTER TABLE `tbl_register`
  MODIFY `id_register` int(10) NOT NULL AUTO_INCREMENT, AUTO_INCREMENT=75;

--
-- AUTO_INCREMENT untuk tabel `tbl_soal`
--
ALTER TABLE `tbl_soal`
  MODIFY `id_soal` int(10) NOT NULL AUTO_INCREMENT, AUTO_INCREMENT=34;

--
-- AUTO_INCREMENT untuk tabel `tbl_ukm`
--
ALTER TABLE `tbl_ukm`
  MODIFY `id_ukm` int(10) NOT NULL AUTO_INCREMENT, AUTO_INCREMENT=3;
COMMIT;

/*!40101 SET CHARACTER_SET_CLIENT=@OLD_CHARACTER_SET_CLIENT */;
/*!40101 SET CHARACTER_SET_RESULTS=@OLD_CHARACTER_SET_RESULTS */;
/*!40101 SET COLLATION_CONNECTION=@OLD_COLLATION_CONNECTION */;
